k,accuracyProm,Tiempo
1,0.970732,866.178
2,0.95122,865.688
